Carmencita,5.7
Le clown et ses chiens,6.0
Pauvre Pierrot,6.5
Un bon bock,6.1
Blacksmith Scene,6.2
Chinese Opium Den,5.1
Corbett and Courtney Before the Kinetograph,5.4
Edison Kinetoscopic Record of a Sneeze,5.5
Miss Jerry,5.8
La sortie de l'usine Lumière à Lyon,6.9
Akrobatisches Potpourri,5.2
L'arrivée d'un train à La Ciotat,7.4
Le débarquement du congrès de photographie à Lyon,5.8
L'arroseur arrosé,7.1
Autour d'une cabine,6.2
Barque sortant du port,5.9
Italienischer Bauerntanz,4.6
Das boxende Känguruh,5.3
The Clown Barber,5.3
The Derby 1895,4.9
Les forgerons,5.1
Baignade en mer,5.7
Opening of the Kiel Canal,4.3
The Oxford and Cambridge University Boat Race,4.2
Partie d'écarté,5.7
Place des Cordeliers à Lyon,5.6
La pêche aux poissons rouges,5.2
Repas de bébé,6.0
Rough Sea at Dover,5.2
Le saut à la couverture,5.5
Die Serpentintänzerin,5.0
La voltige,5.6
Arrivée d'un train gare de Vincennes,5.1
L'arroseur,5.6
Awakening of Rip,4.4
Baignade en mer,4.6
The Ball Game,4.2
Barnet Horse Fair,3.6
Barque sortant du port de Trouville,4.3
Bataille de neige,6.7
Bateau-mouche sur la Seine,4.5
Batteuse à vapeur,3.5
Le bivouac,4.4
Les blanchisseuses,4.5
Bois de Boulogne,4.2
Boulevard des Italiens,3.6
The Boxing Kangaroo,4.8
"Boxing Match; or, Glove Contest",5.3
Bébé et fillettes,4.2
Campement de bohémiens,3.7
Carga de rurales,4.4
A Chegada do Comboio Inaugural à Estação Central do Porto,2.8
Les chevaux de bois,5.3
Le chiffonnier,3.7
Uma Corrida de Touros no Campo Pequeno,3.2
Cortège de tzar allant à Versailles,4.4
Cortège de tzar au Bois de Boulogne,4.3
Couronnement de la rosière,3.5
Dancing Darkies,7.7
Dancing Girls,4.1
Danse serpentine,6.4
Dessinateur express,3.5
Dessinateur: Chamberlain,3.2
Dessinateur: Reine Victoria,3.4
Dessinateur: Von Bismark,3.4
Dix chapeaux en 60 secondes,5.9
Déchargement de bateaux,3.6
Défense d'afficher,4.8
Démolition d'un mur,6.5
Départ des automobiles,3.5
Départ des officiers,4.2
Effets de mer sur les rochers,3.6
Enfants jouant sur la plage,4.6
Escamotage d'une dame au théâtre Robert Houdin,6.3
Exit of Rip and the Dwarf,4.5
"Le fakir, mystère indien",4.8
Feira de Gado na Corujeira,3.9
La gare Saint-Lazare,4.4
Grandes manoeuvres,4.1
Les haleurs de bateaux,4.2
A Hard Wash,4.8
Les indiscrets,4.5
Les ivrognes,4.4
Jardinier brûlant des herbes,4.7
Jetée et plage de Trouville (1er partie),4.2
Jetée et plage de Trouville (2e partie),4.8
Jour de marché à Trouville,4.7
Départ de Jérusalem en chemin de fer,6.2
Libération des territoriaux,4.0
Le manoir du diable,6.7
Marée montante sur Brise-Larmes,4.6
Melbourne,4.8
Miss de Vere,4.5
Le papier protée,4.8
Place Saint-Augustin,4.5
"Place de l'Opéra, 1er aspect",4.9
"Place de l'Opéra, 2e aspect",5.5
Place de la Bastille,4.7
Place de la Concorde,5.0
Place du théâtre français,4.6
Plage de Villiers par gros temps,4.8
Plus fort que le maître,5.8
Pompiers à Lyon,5.6
Les quais à Marseille,5.5
Retour au cantonnement,4.6
Revue navale à Cherbourg,5.7
Rip Leaving Sleepy Hollow,4.4
Rip Meeting the Dwarf,4.5
Rip Passing Over the Mountain,4.4
Rip's Toast,4.5
Rip's Toast to Hudson,4.5
Rip's Twenty Years' Sleep,4.4
Le régiment,5.5
Réunion d'officiers,5.3
Sac au dos,5.6
Saída do Pessoal Operário da Fábrica Confiança,5.1
Salut malencontreux d'un déserteur,5.6
"Sauvetage en rivière, 1er",5.6
"Sauvetage en rivière, 2e",5.5
The Soldier's Courtship,4.4
Sortie des ateliers Vibert,5.5
Séance de prestidigitation,5.8
Tempête sur la jetée du treport,5.6
The Terrible Railway Accident,4.7
Tom Old Boot,5.8
Les tribulations d'un concierge,4.5
Un lycée de jeunes filles,5.9
Un petit diable,6.7
Une altercation au café,5.5
Une nuit terrible,5.8
Une partie de cartes,5.1
La voiture du potier,6.5
The Wandering Negro Minstrels,4.6
A Watermelon Feast,6.7
Au réfectoire,4.6
L'auberge ensorcelée,6.5
L'aveugle,5.4
Baignade dans le torrent,5.0
Ballet libella,5.2
Buffalo Bill and Escort,4.7
Les cambrioleurs,4.9
Chez le magnétiseur,5.1
En classe,3.8
Le cocher de fiacre endormi,5.1
The Corbett-Fitzsimmons Fight,5.2
Le Coucher d'Yvette,3.7
Dans les coulisses,4.8
Danse fleur de lotus,5.3
Faust et Marguerite,5.1
L'hallucination de l'alchimiste,6.1
The Haunted Castle,5.7
Henley Regatta,4.1
Le magnétiseur,5.1
L'hôtel empoisonné,4.0
Idylle,4.1
Idylle interrompue,3.4
Le cabinet de Méphistophélès,5.3
The Last Days of Pompeii,5.4
Leçon de danse,3.9
Les chutes,5.4
Le planton du colonel,5.3
Le pêcheur dans le torrent,5.0
Riña en un café,4.7
Salida de los trabajadores de la fábrica España Industrial,4.1
Salida de misa de doce del Pilar de Zaragoza,4.1
Salida del público de la iglesia parroquial de Santa María de Sans,3.4
Slagsmål i gamla Stockholm,3.8
The Twins' Tea Party,5.2
Une nuit agitée,4.4
The X-Ray Fiend,6.1
Battle of Santiago Bay,4.6
Výstavní párkar a lepic plakátù,4.7
A Sea Cave Near Lisbon,5.0
Brittania,5.0
The Burglar on the Roof,4.6
The Cavalier's Dream,5.1
La caverne maudite,4.5
Cinderella,6.7
"Come Along, Do!",4.9
The Corsican Brothers,6.1
Cripple Creek Bar-Room Scene,4.8
Le cuirassé Maine,4.2
La cène,5.2
The Deserter,4.0
Dostavenícko ve mlýnici,5.0
"Ella Lola, a la Trilby",4.5
Express Train on a Railway Cutting,5.4
Faust and Mephistopheles,5.2
La flagellation,4.8
La fuite en Égypte,4.9
Glasgow Fire Engine,4.3
Jésus devant Pilate,5.7
Leçons de boxe,5.4
"Llegada de un tren a la estación de ferrocarril del Norte, de Barcelona",5.0
London Express,5.5
The Miller and the Sweep,5.7
Photographing a Ghost,5.1
Les rayons Röntgen,4.9
La lune à un mètre,7.5
Scène d'escamotage,4.6
Tearing Down the Spanish Flag,4.5
Smích a plác,4.1
L'affaire Dreyfus,5.9
Aladdin and the Wonderful Lamp,6.6
Au cabaret,4.6
L'aveugle,5.4
La belle et la bête,5.2
La bonne absinthe,4.9
Casey at the Bat,4.4
Cendrillon,6.5
Portuguese Railway Train,3.6
Choque de dos transatlánticos,6.0
Cléopâtre,6.1
La colonne de feu,6.2
Danse serpentine par Mme. Bob Walter,5.5
Distributing a War Extra,4.4
Le diable au couvent,6.4
The Haunted House,6.2
L'impressionniste fin de siècle,6.4
King John,5.0
The Kiss in the Tunnel,6.1
Matches: An Appeal,5.4
The Miser's Doom,4.8
Panorama from the Tower of the Brooklyn Bridge,4.6
Un bon lit,5.7
Évocation spirite,5.7
Above the Limit,4.3
Army Life,4.9
Arrivée de Pierette et Pierrot,6.2
As Seen Through a Telescope,5.6
Attack on a China Mission,5.5
Avenue de l'opéra,5.6
Bataille d'oreillers,6.9
Bataille de boules de neige,6.2
Buffalo Bill's Show Parade,5.6
Buffalo Bill's Wild West Parade,4.3
Buffalo Bill's Wild West Parade,4.6
Buffalo Bill's Wild West Show,5.3
Chez le Maréchal-Ferrant,5.8
Chez le photographe,5.3
Chinese Magic,5.0
Chirurgie fin de siècle,5.6
The Clown and the Alchemist,4.9
La concierge,5.2
Danse du papillon,5.4
Danse serpentine,5.8
Le départ d'Arlequin et de Pierrette,5.5
The Enchanted Drawing,6.9
Faust and Marguerite,4.4
"La fée aux choux, ou la naissance des enfants",5.2
Grandma's Reading Glass,6.0
Le duel d'Hamlet,5.4
Happy Hooligan,4.9
The House That Jack Built,5.5
How It Feels to Be Run Over,6.1
Chimmie Hicks and the Rum Omelet,7.3
Let Me Dream Again,5.8
Eine moderne Jungfrau von Orleans,5.3
Momijigari,5.8
The Mystic Swing,4.8
La petite magicienne,6.1
Soldiers of the Cross,6.0
Spanish Bullfight,5.0
Uncle Josh in a Spooky Hotel,4.9
Uncle Josh's Nightmare,4.9
Another Job for the Undertaker,4.8
Buffalo Bill's Wild West Parade,4.6
"The Cheese Mites, or Lilliputians in a London Restaurant",5.5
The Countryman and the Cinematograph,5.8
Day at the Circus,5.7
Execution of Czolgosz with Panorama of Auburn Prison,5.2
Fire!,6.1
The Haunted Curiosity Shop,5.8
Histoire d'un crime,6.2
L'homme à la tête en caoutchouc,7.1
Lavatory moderne,8.1
The Magic Sword,6.3
Panorama of Esplanade by Night,5.5
Le petit chaperon rouge,6.5
Scrooge; or Marley's Ghost,5.6
Les sept châteaux du diable,6.3
A táncz,7.3
Undressing Extraordinary,6.1
Visita de la escuadra inglesa a Barcelona,5.2
La belle au bois dormant,7.2
Buffalo Bill's Wild West Show,4.1
Les chiens savants,5.8
The Coronation of Edward VII,5.2
Danse excentrique,5.1
Jack and the Beanstalk,6.0
Le lion savant,6.4
Mother Goose Nursery Rhymes,7.0
The Prince of Darkness,5.6
Procesión de las hijas de María de la parroquia de Sans,3.9
Sage-femme de première classe,5.1
Demolishing and Building Up the Star Theatre,6.7
The Troublesome Fly,4.0
Les trésors de satan,5.5
Uncle Josh at the Moving Picture Show,5.4
Les victimes de l'alcoolisme,5.3
Le voyage dans la lune,8.2
Alice in Wonderland,6.3
Les aventures d'un voyageur trop pressé,6.0
La boîte à malice,5.4
Buffalo Bill's Parade,5.2
Buffalo Bill's Street Parade,4.8
A Chess Dispute,5.9
Comment monsieur prend son bain,5.6
An Extraordinary Cab Accident,6.2
Faust et Méphistophélès,5.2
The Great Train Robbery,7.3
La guirlande merveilleuse,5.4
Gulliver en el país de los gigantes,6.5
Henrettelsen,4.8
"Hiawatha, the Messiah of the Ojibway",6.0
Kit Carson,5.9
Life of an American Fireman,6.4
Mary Jane's Mishap,6.5
The Messenger Boy's Mistake,4.7
Le mélomane,6.8
N.Y. Fire Department Returning,4.2
"Panorama of Riker's Island, N.Y.",4.6
The Pioneers,6.2
Rip Van Winkle,4.7
Le royaume des fées,7.3
The Sick Kitten,5.8
Uncle Tom's Cabin,5.1
Uncle Tom's Cabin,6.4
Buy Your Own Cherries,5.3
Le coffre enchanté,5.0
The Great Train Robbery,7.0
The Land Beyond the Sunset,6.9
Opening the Williamsburg Bridge,4.0
Personal,5.1
Le pêcheur de perles,6.0
Railroad Smashup,6.0
A Railway Tragedy,5.2
Rescued by Rover,6.6
Le voyage à travers l'impossible,7.6
Adventures of Sherlock Holmes,4.7
Bohemios,4.5
La course à la perruque,7.1
"D.T.'s, or the Effect of Drink",5.0
Departure of Peary and the Roosevelt from New York,3.8
Les débuts d'un chauffeur,6.0
Esmeralda,6.7
Funeral of Hiram Cronk,4.5
Los guapos del parque,4.8
El hotel eléctrico,6.5
The Kleptomaniac,5.7
The Life of Charles Peace,6.4
The Little Train Robbery,5.5
New York Subway,5.8
Pendaison à Jefferson City,5.4
Pennsylvania Tunnel Excavation,4.3
"Raffles, the Amateur Cracksman",6.0
The Wooing and Wedding of a Coon,7.2
The '?' Motorist,6.6
Anarkistens svigermor,5.1
"Arrival of Immigrants, Ellis Island",4.5
Christian IXS bisættelse,5.2
Dream of a Rarebit Fiend,6.7
Fiskerliv i Norden,5.5
Proklamationen af Kong Frederik d. VIII,4.4
The Hand of the Artist,5.9
The Haunted Hotel,6.5
Humorous Phases of Funny Faces,6.2
Den hvide slavinde,5.2
Kathleen Mavourneen,4.7
The Life of a Cowboy,5.3
The Night Before Christmas,6.3
Les quatre cents farces du diable,6.7
San Francisco Disaster,4.1
The San Francisco Earthquake,6.9
The Story of the Kelly Gang,6.1
20000 lieues sous les mers,5.8
Ali Baba et les quarante voleurs,6.1
"An Awful Skate; or, The Hobo on Rollers",7.6
Bauernhaus und Grafenschloß,4.6
Ben Hur,4.9
Kameliadamen,5.3
El ciego de la aldea,5.2
A Curious Dream,6.2
L'enfant prodigue,5.2
Flugten fra seraillet,6.0
Rosen,5.7
Fyrtøjet,5.5
Les glaces merveilleuses,4.9
Hamlet,5.5
Isbjørnejagten,4.7
Lohengrin,5.0
Løvejagten,4.6
The Magic Fountain Pen,7.2
En ny hat til Madammen,6.2
Otello,4.5
Othello,5.1
O Rapto de Uma Actriz,4.3
Le spectre rouge,6.5
Robbery Under Arms,4.5
Røverens brud,4.6
Salaviinanpolttajat,8.1
That Fatal Sneeze,6.5
The Ugly Duckling,7.0
'Ostler Joe,6.1
The Adventures of Dollie,5.7
After Many Years,5.6
Amleto,3.8
Amor que mata,5.3
Antony and Cleopatra,4.6
L'assassinat du duc de Guise,5.5
At the Crossroads of Life,5.3
At the French Ball,5.3
An Awful Moment,4.4
Balked at the Altar,4.8
The Bandit's Waterloo,5.6
Behind the Scenes,5.5
Betrayed by a Handprint,5.1
The Black Viper,4.7
The Boston Tea Party,7.0
"The Boy Detective, or The Abductors Foiled",5.1
A Calamitous Elopement,4.6
The Call of the Wild,5.3
Le cauchemar de Fantoche,6.5
Caught by Wireless,5.2
The Christmas Burglars,5.8
La civilisation à travers les âges,7.0
Classmates,4.7
The Clubman and the Tramp,5.6
Concealing a Burglar,5.8
Corrida de toros con Antonio Fuentes,5.8
The Count of Monte Cristo,7.0
Cupid's Pranks,4.8
Desdemona,6.1
The Devil,5.8
La Dolores,6.0
Don Juan Tenorio,4.9
Don Quijote,4.9
Don Álvaro o la fuerza del sino,4.4
Ex-Convict No. 900,6.5
The Fairylogue and Radio-Plays,5.4
Falsely Accused!,5.5
A Famous Escape,5.9
Fantasmagorie,6.9
The Fatal Hour,5.6
Father Gets in the Game,5.2
The Feud and the Turkey,5.8
For Love of Gold,6.6
For a Wife's Honor,6.5
The Girl and the Outlaw,5.1
The Greaser's Gauntlet,5.9
The Guerrilla,4.7
The Heart of O Yama,5.4
The Helping Hand,6.0
Her First Adventure,5.3
The Humpty Dumpty Circus,5.5
"Ingomar, the Barbarian",5.1
The Ingrate,5.4
The Invisible Fluid,4.6
Julius Caesar,5.6
The Kentuckian,4.4
The King's Messenger,6.0
Macbeth,5.9
The Man and the Woman,6.6
Maria Marten,5.4
The Merchant of Venice,5.2
Monday Morning in a Coney Island Police Court,6.2
Money Mad,5.9
Mr. Jones at the Ball,5.8
Mrs. Jones Entertains,4.6
"Old Isaacs, the Pawnbroker",6.2
Othello,4.2
The Outlaw,4.7
Over the Hill to the Poorhouse,5.5
The Paris Hat,8.0
El pastorcito de Torrente,6.3
The Pirate's Gold,5.6
The Planter's Wife,5.4
The Princess in the Vase,6.8
The Reckoning,7.4
The Red Girl,5.2
The Red Man and the Child,5.9
Rescued from an Eagle's Nest,5.7
Richard III,7.0
Romance of a Jewess,5.3
Romeo and Juliet,7.2
Le rêve d'un fumeur d'opium,5.8
The Sculptor's Nightmare,5.5
Sherlock Holmes i Livsfare,6.2
Sherlock Holmes II,7.9
A Smoked Husband,6.0
The Song of the Shirt,5.6
The Stage Rustler,5.2
The Stolen Jewels,6.1
Le tambourin fantastique,5.3
The Taming of the Shrew,5.4
The Tavern Keeper's Daughter,6.2
The Test of Friendship,6.2
Trop crédules,7.9
Gli ultimi giorni di Pompeii,5.8
The Valet's Wife,6.5
The Vaquero's Vow,5.7
The Viking's Daughter: The Story of the Ancient Norsemen,6.7
A Visit to the Seaside,7.5
When Knights Were Bold,5.9
Where the Breakers Roar,5.2
Wiegenlied,7.0
A Woman's Way,5.8
The Zulu's Heart,5.0
The Airship Destroyer,6.2
And a Little Child Shall Lead Them,5.0
Andreas Hofer,4.5
At the Altar,5.3
An Attempt to Smash a Bank,4.5
The Awakening,5.5
A Baby's Shoe,5.4
The Better Way,5.0
Bill Sharkey's Last Game,6.2
The Brahma Diamond,5.0
The Broken Locket,4.8
Et budskab til Napoleon paa Elba,3.9
A Burglar's Mistake,5.5
The Cardinal's Conspiracy,4.8
A Change of Heart,4.8
The Children's Friend,4.8
Choosing a Husband,4.8
"Comata, the Sioux",5.3
Confidence,5.3
A Convict's Sacrifice,4.7
The Cord of Life,5.3
A Corner in Wheat,6.6
The Country Doctor,6.4
The Cricket on the Hearth,5.1
Os Crimes de Diogo Alves,4.8
The Criminal Hypnotist,5.5
The Curtain Pole,5.6
The Day After,5.1
The Death Disc: A Story of the Cromwellian Period,5.7
Smert Ioanna Groznogo,6.0
The Deception,5.0
Don Juan heiratet,5.6
La toile d'araignée merveilleuse,5.6
The Drive for a Life,5.4
A Drunkard's Reformation,5.7
The Eavesdropper,5.2
Edgar Allan Poe,6.0
Eloping with Auntie,5.7
Entrevista de los Presidentes Díaz-Taft,5.0
Eradicating Aunty,5.2
The Expiation,5.2
The Faded Lilies,4.8
A Fair Exchange,5.3
Faldgruben,5.1
The Fascinating Mrs. Francis,5.5
Fellow Clerks,6.3
A Fool's Revenge,5.1
Fools of Fate,5.8
Bakchisarayskiy fontan,6.4
The French Duel,4.8
The Friend of the Family,4.9
Getting Even,4.9
The Gibson Goddess,4.9
The Girls and Daddy,5.9
The Golden Louis,5.8
Den graa dame,7.0
Grevinde X,4.4
Hamlet,5.0
Hansel and Gretel,4.8
The Heart of an Outlaw,7.1
Heksen og cyklisten,5.5
Her First Biscuits,5.6
Her Indian Hero,6.3
The Hessian Renegades,5.6
The Hindoo Dagger,4.0
His Duty,5.6
His Lost Love,5.6
His Ward's Love,4.2
His Wife's Mother,4.7
His Wife's Visitor,4.7
The Honor of Thieves,6.2
The House of Cards,5.3
I Did It,5.5
In Little Italy,5.3
In Old Kentucky,5.9
In the Watches of the Night,5.4
In the Window Recess,3.4
The Indian Runner's Romance,4.3
Je voudrais un enfant,6.1
The Jilt,3.8
Jones and His New Neighbors,4.5
Jones and the Lady Book Agent,5.5
The Joneses Have Amateur Theatricals,5.7
Les joyeux microbes,6.1
King Lear,5.5
Klebolin klebt alles,5.2
Der kleine Detektiv,3.6
En kvinde af folket,3.9
Lady Helen's Escapade,4.9
Leather Stocking,4.8
The Light That Came,6.3
Lines of White on a Sullen Sea,6.7
The Little Darling,4.5
The Little Teacher,5.4
Locura de amor,4.8
The Lonely Villa,6.1
The Luck of the Cards,4.8
Lucky Jim,4.7
The Lure of the Gown,4.5
Macbeth,4.8
Mamma,4.3
The Maniac Cook,6.8
Mariage forcé,6.3
The Medicine Bottle,5.0
The Mended Lute,4.7
The Message,8.2
The Mexican Sweethearts,4.7
A Midnight Adventure,5.3
A Midsummer Night's Dream,5.7
The Mills of the Gods,4.7
Les Misérables,6.4
Molière,5.8
Le Moulin maudit,6.3
The Mountaineer's Honor,5.8
Mr. Jones Has a Card Party,5.2
Mr. Jones' Burglar,5.7
"Mrs. Jones' Lover; or, 'I Want My Hat'",4.7
Napoleon og hans lille Trompetist,6.8
"Napoleon, the Man of Destiny",5.3
The Necklace,5.6
Nursing a Viper,5.1
Naar Djævle er paa Spil,7.8
Den nærsynede guvernante,4.5
"Oh, Uncle!",4.9
Oliver Twist,6.1
De onde Veje,4.8
One Touch of Nature,7.4
Only a Tramp,4.3
The Open Gate,6.7
Otello,5.6
Paul Wangs skæbne,5.4
The Peachbasket Hat,5.5
"Pippa Passes; or, The Song of Conscience",5.5
The Politician's Love Story,4.9
Pranks,4.6
The Prince and the Pauper,5.6
"Princess Nicotine; or, The Smoke Fairy",6.5
Protección de un convoy de víveres en el puente de camellos,4.0
The Prussian Spy,4.7
The Redman's View,5.9
The Renunciation,5.1
The Restoration,4.6
Resurrection,5.5
The Road to the Heart,5.2
A Rural Elopement,6.7
The Sacrifice,6.0
Salome Mad,4.3
The Salvation Army Lass,5.3
The Sealed Room,6.0
The Seventh Day,5.1
She Would Be an Actress,5.1
Sherlock Holmes IV,3.5
Sherlock Holmes V,3.9
Sherlock Holmes VI,4.0
The Slave,5.3
The Son's Return,5.7
Le songe d'une nuit d'été,5.6
A Sound Sleeper,4.5
Gøngehøvdingen,4.0
A Strange Meeting,5.1
The Suicide Club,4.8
A Sweet Revenge,6.2
Sweet and Twenty,5.9
Tender Hearts,5.3
The Test,4.8
They Would Elope,6.5
Those Awful Hats,6.2
Those Boys!,5.8
Through the Breakers,4.9
Tis an Ill Wind That Blows No Good,4.8
De to guldgravere,4.3
To Save Her Soul,6.1
Tragic Love,6.5
A Trap for Santa Claus,5.6
The Trick That Failed,6.0
A Troublesome Satchel,4.7
Trying to Get Arrested,5.5
Twin Brothers,5.2
Two Memories,5.5
Two Women and a Man,4.3
The Violin Maker of Cremona,5.0
The Voice of the Violin,5.1
"Wanted, a Child",5.7
Was Justice Served?,6.3
The Way of Man,5.3
We Must Do Our Best,8.3
The Welcome Burglar,7.0
What Drink Did,5.4
What's Your Hurry?,5.6
The Winning Coat,4.3
With Her Card,3.3
The Wooden Leg,5.9
A Wreath in Time,5.2
Abraham Lincoln's Clemency,5.2
An Affair of Hearts,5.5
The Affair of an Egg,5.0
Afgrunden,6.5
Alice's Adventures in Wonderland,6.0
All on Account of the Milk,6.2
Ambrosius,4.4
Amleto,3.7
Amor gitano,5.6
Ansigttyven I,4.7
Ansigttyven II,4.9
Cléopâtre,5.5
An Arcadian Maid,5.5
As It Is in Life,5.6
As the Bells Rang Out!,4.6
L'auberge rouge,5.3
The Banker's Daughters,5.0
The Broken Doll,4.8
Buffalo Bill's Wild West and Pawnee Bill's Far East,5.5
The Call to Arms,4.7
The Call,4.8
Carceleras,5.0
A Child of the Ghetto,5.4
A Child's Faith,4.7
A Child's Impulse,5.0
A Child's Stratagem,4.5
The Cloister's Touch,4.3
The Connecticut Yankee,5.6
The Converts,4.5
The Course of True Love,4.4
La dame aux camélias,5.8
The Dancing Girl of Butte,4.2
Don Juan de Serrallonga,3.4
Dorian Grays Portræt,7.0
Dorothy and the Scarecrow in Oz,5.5
The Duke's Plan,4.4
Døden,6.6
Elverhøj,4.0
The Englishman and the Girl,4.5
Examination Day at School,4.6
The Face at the Window,6.0
Faithful,5.8
Faust,5.5
The Final Settlement,4.6
A Flash of Light,5.8
L'épée du spirite,5.4
Frankenstein,6.4
The Fugitive,5.8
Gentleman Joe,5.0
The Girl on Triple X,8.6
Gold Is Not All,5.4
A Gold Necklace,5.3
The Gold Seekers,4.6
The Golden Supper,4.7
Hamlet,3.9
Hamlet,5.1
Hamlet,6.0
Her Terrible Ordeal,5.7
His Sister-In-Law,4.8
The Honor of His Family,3.8
The House with Closed Shutters,5.8
Den hvide slavehandel,5.7
In Life's Cycle,5.2
In Old California,7.1
In the Border States,6.4
Kapergasten,4.6
København ved Nat,4.7
The Land of Oz,7.1
The Last Deal,6.2
The Lesson,4.9
The Life of Moses,5.4
Love Among the Roses,4.9
Love's C. Q. D.,6.2
Macbeth,3.9
The Man,6.0
Le marchand d'images,4.2
The Marked Time-Table,5.5
May and December,5.4
Il mercante di Venezia,5.8
The Message of the Violin,6.2
The Cowboy Millionaire,5.2
The Modern Prodigal,5.6
"A Mother's Devotion; or, The Firing of the Patchwork Quilt",6.0
Muggsy Becomes a Hero,5.2
Muggsy's First Sweetheart,5.7
Never Again,6.0
The Newlyweds,5.8
"Maiskaya noch, ili utoplennitsa",5.3
The Oath and the Man,5.1
Over Silent Paths,6.3
Peder Tordenskjold,4.2
Rainha Depois de Morta Inês de Castro,5.2
Ramona,5.9
Re Lear,4.8
Re Lear,6.0
Regina von Emmeritz och konung Gustaf II Adolf,3.2
En rekrut fra 64,5.6
The Rocky Road,5.5
Le roi des parfums,4.6
A Romance of the Western Hills,5.8
Rose o' Salem Town,5.7
Simple Charity,2.9
The Song of the Wildwood Flute,6.4
The Sorrows of the Unfaithful,6.1
Sunshine Sue,5.9
Taming a Husband,3.9
That Chink at Golden Gulch,6.5
A Woman's Treachery,4.1
The Two Brothers,5.3
The Unchanging Sea,6.3
Uncle Tom's Cabin,5.8
The Usurer,5.8
Valdemar Sejr,4.7
A Victim of Jealousy,5.0
Värmlänningarne,3.3
The Way of the World,5.3
What the Daisy Said,5.5
When We Were in Our Teens,5.5
White Roses,8.5
Wilful Peggy,5.9
Winning Back His Love,5.5
The Woman from Mellon's,2.9
The Woman Hater,6.4
The Wonderful Wizard of Oz,5.7
The Adventures of Billy,5.9
Amor fatal,7.3
Artful Kate,5.9
As in a Looking Glass,5.1
Les Aventures du baron de Münchhausen,6.3
Back to the Primitive,4.7
The Baron,4.4
The Battle of Bunker Hill,7.2
The Battle of Trafalgar,7.7
The Battle,5.6
Bedraget i døden,5.7
The Blind Princess and the Poet,5.0
"Bobby, the Coward",5.3
The Broken Cross,5.6
Broncho Billy's Adventure,5.7
Broncho Billy's Christmas Dinner,5.3
Mest kinematograficheskogo operatora,7.7
Captain Kate,4.5
"Captain Midnight, the Bush King",6.0
"Captain Starlight, or Gentleman of the Road",4.6
Carmen o la hija del contrabandista,4.7
The Chief's Daughter,4.0
A Christmas Carol,6.0
Cinderella,6.0
The Coffin Ship,5.5
Comrades,5.2
Conscience,4.8
A Country Cupid,4.9
The Cowboy Coward,4.1
Os Crimes de Diogo Alves,5.8
The Crooked Road,4.1
Dan the Dandy,4.4
A Decree of Destiny,4.4
The Diamond Star,4.4
La digue,5.6
A Dog's Tale,3.8
Don Pedro el Cruel,4.1
The Dream,5.4
Ekspeditricen,5.4
Enoch Arden: Part I,6.2
Enoch Arden: Part II,6.3
The Failure,5.7
Fate's Turning,5.7
Fighting Blood,5.2
De fire djævle,6.1
Fisher Folks,4.9
Flo's Discipline,6.4
For aabent Tæppe,4.9
Der fremde Vogel,5.7
Friday the 13th,6.4
Get Rich Quick,5.2
Heart Beats of Long Ago,5.4
The Heart of a Savage,4.0
Henry VIII,5.5
Her Awakening,6.6
Her Crowning Glory,5.7
The Highlander,4.2
His Daughter,5.0
His Trust: The Faithful Devotion and Self-Sacrifice of an Old Negro Servant,5.1
His Trust Fulfilled,4.8
Im großen Augenblick,5.3
The Immortal Alamo,7.1
In Old Madrid,4.8
In the Days of '49,3.7
The Indian Brothers,4.6
The Infant at Snakeville,4.5
The Italian Barber,5.7
Julius Caesar,3.1
Järnbäraren,3.4
A Knight of the Road,3.7
The Last Drop of Water,5.8
The Last of the Mohicans,7.7
The Lighthouse Keeper,7.1
The Lily of the Tenements,5.2
"Winsor McCay, the Famous Cartoonist of the N.Y. Herald and His Moving Comics",7.1
Little Red Riding Hood,7.2
The Lonedale Operator,6.5
The Long Road,4.4
Lost Illusions,5.7
Lost in the Jungle,4.8
Love in the Hills,5.1
Macbeth,4.3
Madame Babylas aime les animaux,4.9
The Making of a Man,5.4
The Manicure Lady,5.5
A Manly Man,5.6
Max victime du quinquina,6.7
The Meeting of the Ways,5.0
The Message in the Bottle,7.0
The Mirror,8.5
The Miser's Heart,6.3
Les misérables - Époque 1: Jean Valjean,6.0
Moïse sauvé des eaux,4.7
The Mystery of a Hansom Cab,4.0
Oedipus Rex,6.3
On the Brink,6.7
Only in the Way,5.4
The Pirates of 1920,5.6
The Primal Call,5.1
Pulgarcito,5.1
Railroad Raiders of '62,4.3
Rédemption,4.9
The Revenue Man and the Girl,4.7
Richard III,5.7
The Romantic Story of Margaret Catchpole,5.4
The Rose of Kentucky,6.1
Le sacrifice d'Abraham,5.1
Saved from Himself,4.8
The Scarlet Letter,7.4
Science,7.8
She,5.3
Skæbnebæltet,4.0
Den sorte drøm,5.9
The Squaw's Love,5.2
Sweet Memories,5.5
Sweet Nell of Old Drury,5.0
Swords and Hearts,5.5
A Tale of Two Cities,5.8
Their First Misunderstanding,7.2
The Thief and the Girl,4.7
Three Million Dollars,5.1
The Three Musketeers: Part 2,4.5
Three Sisters,4.3
Through Darkened Vales,4.6
Troublesome Secretaries,5.2
The Two Paths,5.6
Under the Stars and Bars,6.1
Under forvandlingens lov,4.9
Ved Fængslets Port,5.5
Die Verräterin,6.1
La vie telle qu'elle est,5.9
Was He a Coward?,4.7
What Shall We Do with Our Old?,6.1
When a Man Loves,5.8
A Woman Scorned,6.2
A Wreath of Orange Blossoms,4.3
L'électrocuté,4.0
The Adventures of Lieutenant Petrosino,4.4
Les amours de la reine Élisabeth,4.7
Anny - en gatepiges roman,4.0
Die arme Jenny,6.2
As You Like It,4.8
Asesinato y entierro de Don José Canalejas,5.5
At Coney Island,5.3
The Baby and the Stork,3.7
The Ball Player and the Bandit,4.2
A Beast at Bay,5.8
Prekrasnaya Lyukanida,6.7
Billy's Stratagem,4.8
Black Sheep,6.2
Blind Love,3.8
A Blot on the 'Scutcheon,5.1
The Brave Hunter,5.3
A Brave Little Woman,4.0
Brutality,5.0
The Burglar's Dilemma,6.1
La caduta di Troia,6.0
A Change of Spirit,4.6
The Chief's Blanket,4.9
A Child's Devotion,3.8
A Child's Remorse,4.2
Children Who Labor,5.9
Cleopatra,5.1
The Colonel's Escape,4.8
À la conquête du pôle,6.9
Conscience,3.9
A Cry for Help,4.6
The Cry of the Children,6.2
A Cure for Pokeritis,5.1
Custer's Last Fight,6.5
L'Inferno,7.0
The Darling of the CSA,5.5
A Dash Through the Clouds,5.8
Ukhod velikogo startsa,5.7
Diamond Cut Diamond,5.6
Dr. Jekyll and Mr. Hyde,5.9
La dramatique passion d'Algabert et d'Élisabeth de Rodembourg,5.1
The Dream of a Moving Picture Director,8.7
Dödsritten under cirkuskupolen,5.0
Dødsspring til hest fra cirkuskuplen,5.8
The Engagement Ring,4.4
Entente cordiale,6.4
The Eternal Mother,4.5
Fadren,4.7
Fate's Interception,4.8
The Female of the Species,5.8
A Feud in the Kentucky Hills,5.7
The Fickle Spaniard,3.7
Figures de cire,6.2
Den flyvende cirkus,6.3
For His Son,6.2
Fortunes of a Composer,4.4
Friends,5.6
Le friquet,6.3
"From the Manger to the Cross; or, Jesus of Nazareth",5.7
From the Submerged,6.2
Le fumiste,4.8
The Furs,4.9
Le secret de l'acier,5.5
The Girl and Her Trust,6.8
The God Within,5.2
The Goddess of Sagebrush Gulch,6.0
Gold and Glitter,5.3
Grannie,4.0
Strekoza i muravey,6.7
A Grocery Clerk's Romance,5.1
Veselye stsenki iz zhizni zhivotnykh,5.8
The Heart of an Indian,6.5
Helen's Marriage,5.5
Help! Help!,4.6
Ett hemligt giftermål,8.6
Home Folks,4.0
Hot Stuff,4.6
How a Horseshoe Upset a Happy Family,5.0
How a Mosquito Operates,6.4
Ida's Christmas,5.7
In the Aisles of the Wild,6.2
In the North Woods,5.1
An Indian Summer,4.9
The Informer,6.3
The Inner Circle,4.9
An Interrupted Elopement,5.0
The Invaders,6.1
Iola's Promise,5.6
Just Like a Woman,5.3
Katchem Kate,5.5
Kings of the Forest,3.8
Lady Audley's Secret,7.4
The Legend of Sleepy Hollow,6.0
Lena and the Geese,5.9
The Lesser Evil,5.6
Life of Villa,7.6
Lincoln's Gettysburg Address,9.0
A Lodging for the Night,5.7
The Lord and the Peasant,3.6
Ma és holnap,5.0
Mabel's Stratagem,5.2
La malle au mariage,5.9
Man's Genesis,5.9
Le masque d'horreur,5.3
The Massacre,6.5
Max et Jane veulent faire du théâtre,6.3
"Max, professeur de tango",6.0
The Mender of Nets,6.1
De molens die juichen en weenen,6.0
The Money Kings,5.9
Monte Cristo,6.5
The Mormon,5.7
Mrs. 'Enry 'Awkins,5.1
The Musketeers of Pig Alley,6.6
My Baby,6.1
The Narrow Road,5.9
Neighbors,4.7
The New York Hat,6.4
The Night Before Christmas,5.5
The Nurse,7.8
"Oh, Those Eyes",5.4
"Oh, You Ragtime!",4.2
The Old Actor,5.6
The Old Guitar,7.7
Oliver Twist,5.3
Oliver Twist,5.4
"One Is Business, the Other Crime",6.2
The One She Loved,6.1
The Painted Lady,5.9
The Passer-By,6.1
Madame DuBarry,6.7
Petticoat Camp,6.3
The Pony Express Girl,9.2
A Prize Package,9.0
The Prospector,3.8
A Pueblo Legend,5.5
A Question of Seconds,4.1
Quo Vadis?,6.2
Le Railway de la mort,6.4
The Raven,8.5
Independenta Romaniei,6.5
Richard III,5.7
Robin Hood,5.7
The Sands of Dee,6.5
Saved from the Titanic,7.0
Der Schatten des Meeres,5.8
The School Teacher and the Waif,5.5
The Seventh Son,5.5
"So Near, Yet So Far",6.2
Den sorte kansler,5.9
A Spanish Dilemma,4.4
The Star of Bethlehem,5.0
Stenographers Wanted,4.5
Stolen Glory,5.5
The Sunbeam,6.3
De svarta maskerna,4.2
Le système du docteur Goudron et du professeur Plume,4.9
A Temporary Truce,5.1
Thirty Days at Hard Labor,5.7
Tomboy Bessie,5.1
The Tomboy on Bar Z,4.4
Der Totentanz,6.2
The Totville Eye,5.9
The Tourists,5.2
Tragedy of the Dress Suit,4.8
The Transformation of Mike,5.4
Treasure Island,5.3
The Troublesome Step-Daughters,5.6
Trädgårdsmästaren,5.9
Twilight,7.4
Two Daughters of Eve,7.2
"The Vengeance of Durand; or, The Two Portraits",5.8
Under Burning Skies,5.2
An Unseen Enemy,6.5
Az utolsó bohém,4.7
Vampyrdanserinden,6.0
The Victoria Cross,4.7
The Water Nymph,5.3
What Happened to Mary,6.2
What the Doctor Ordered,4.6
The Widow Casey's Return,9.0
Won by a Fish,5.0
Zigomar contre Nick Carter,6.0
Zweimal gelebt,6.8
'Arriet's Baby,6.0
The Adopted Brother,5.0
An Adventure in the Autumn Woods,5.1
The Adventures of Kathlyn,5.6
Alkali Ike's Auto,4.8
The Ambassador's Daughter,5.3
Der Andere,5.6
Arizona,7.7
The Artist's Dreams,6.1
Atlantis,6.6
Auf einsamer Insel,5.6
Balaoo,5.6
A Bandit,4.0
Bangville Police,5.3
Barney Oldfield's Race for a Life,6.0
The Battle of Gettysburg,6.6
The Bells,4.5
Ben Bolt,6.3
Blood and Bosh,7.8
Broken Ways,4.8
Brothers,3.8
Brute Force,5.5
By Man's Law,4.8
Caprice,5.6
Carmen,2.5
A Chance Deception,3.8
Chelsea 7750,6.5
The Classmate's Frolic,5.3
Cohen Saves the Flag,4.7
The Coming of Angelo,5.9
The Conscience of Hassan Bey,4.2
The Count of Monte Cristo,6.0
Cymbeline,5.1
Death's Marathon,6.1
The Deerslayer,5.1
Delayed Proposals,4.8
Le diamant noir,5.1
Dr. Jekyll and Mr. Hyde,5.2
Drink's Lure,3.8
The Drummer of the 8th,5.9
What 80 Million Women Want,4.3
The Enemy's Baby,4.6
Evangeline,7.8
Fantômas - À l'ombre de la guillotine,7.0
The Farmer's Daughters,5.5
Fate,4.6
Father's Hatband,6.1
Fatty Joins the Force,5.3
Fatty's Day Off,4.4
Die Filmprimadonna,6.8
A Fishy Affair,5.4
From Dusk to Dawn,6.0
A Game of Pool,6.0
The Gangsters,6.1
Der geheimnisvolle Klub,5.7
Germinal,7.0
A Girl's Stratagem,4.5
Granddad,6.0
Gränsfolken,5.7
The Gusher,4.7
The Hall-Room Girls,4.0
Hamlet,5.2
Hide and Seek,4.9
His Mother's Son,4.6
Dr. Mawson in the Antarctic,5.6
A House Divided,6.0
The House of Darkness,6.2
How Men Propose,5.5
Házasodik az uram,3.7
Die ideale Gattin,5.4
If We Only Knew,4.7
Ildfluen,5.5
In the Bishop's Carriage,6.3
Ingeborg Holm,7.0
Die Insel der Seligen,4.6
The Inside of the White Slave Traffic,5.4
Ivanhoe,5.7
Just Gold,5.6
Juve contre Fantômas,7.0
Kri Kri e il tango,5.5
The Lady and the Mouse,6.7
The Law and the Outlaw,6.0
Léonce cinématographiste,5.7
A Life in the Balance,5.5
A Little Hero,5.4
The Little Tease,6.0
Local Color on the A-1 Ranch,7.0
Lost in the Night,4.5
Love in an Apartment Hotel,6.1
Ma l'amor mio non muore...,6.3
Mabel's Dramatic Career,5.7
Mabel's New Hero,5.6
The Making of Broncho Billy,6.1
Maudite soit la guerre,6.7
De medeminaars,5.6
The Mistake,5.6
A Misunderstood Boy,6.1
Les misérables - Époque 2: Fantine,5.9
Le mort qui tue,7.0
"Home, Sweet Home",5.8
The Mothering Heart,6.4
A Muddy Romance,4.7
Near to Earth,4.8
Nederland en Oranje,4.0
A Night in Town,4.9
Noch pered Rozhdestvom,6.2
A Noise from the Deep,6.5
Oil and Water,4.6
Den okända,3.3
Olaf-An Atom,5.7
An Old Man's Love Story,5.6
On His Wedding Day,5.4
One Hundred Years of Mormonism,5.1
One on Romance,8.4
Outwitting Dad,6.9
Peeping Pete,4.8
The Picture of Dorian Gray,7.4
Poor Jake's Demise,5.8
The Prisoner of Zenda,6.1
Rablélek,4.8
That Ragtime Band,5.5
Raja Harishchandra,6.1
The Rattlesnake,7.2
Rebecca,7.3
The Red Balloons,7.2
"The Reformers; or, The Lost Art of Minding One's Business",6.5
Richard Wagner,6.3
Robin Hood,6.0
Rockefeller,7.0
S1,5.8
Saved by the Pony Express,5.0
Die schwarze Kugel oder Die geheimnisvollen Schwestern,5.4
The Sea Wolf,5.7
Shadows of the Moulin Rouge,4.9
Sixty Years a Queen,4.5
Sodoms Ende,7.7
The Speed Kings,4.9
The Spirit of the Flag,5.3
The Stolen Loaf,5.8
A Strong Revenge,5.1
Der Student von Prag,6.5
Suspense,7.4
The Switch Tower,5.9
Die Tangokönigin,5.6
The Telephone Girl and the Lady,5.5
Ten Nights in a Barroom,6.0
Strashnaya mest,6.0
Tess of the D'Urbervilles,6.0
"Thor, Lord of the Jungles",5.6
Three Friends,5.1
A Timely Interception,6.5
Toplitsky and Company,4.3
Traffic in Souls,6.0
Two Men of the Desert,6.0
Gli ultimi giorni di Pompei,6.1
The Unwelcome Guest,5.5
The Vampire,7.3
Vampyren,6.8
Eine venezianische Nacht,5.3
Victory,6.4
Le voyage de la famille Bourrichon,5.0
The Wanderer,5.0
The Ways of Fate,5.0
The Werewolf,5.7
When Mary Grew Up,4.7
When the Earth Trembled,5.8
Who Will Marry Mary?,5.7
Will Power,7.0
Wo ist Coletti?,5.8
The Yaqui Cur,5.9
"The $5,000,000 Counterfeiting Plot",7.2
'Cross the Mexican Line,7.0
'Round the World in 80 Days,5.6
'Twas the Night Before Christmas,5.4
On His Majesty's Service,7.1
A 300 éves ember,7.1
Absinthe,6.1
Across the Pacific,4.7
The Active Life of Dolly of the Dailies,6.1
The Adventures of Andy Clark,5.0
The Adventures of Buffalo Bill,6.8
The Adventures of Kitty Cobb,6.8
After the Ball,6.7
El alcalde de Zalamea,4.7
Alexandra,5.0
Ambrose's First Falsehood,5.8
Ambrose's Little Hatchet,4.7
America,3.7
An American Citizen,7.0
Anna Karenina,6.0
Az aranyásó,4.8
Arme Eva,6.7
Assunta Spina,6.4
At Dawn,7.0
Auntie's Portrait,5.1
The Avenging Conscience: or 'Thou Shalt Not Kill',6.4
The Bargain,6.5
The Basilisk,3.6
The Battle of Elderbush Gulch,6.1
The Battle of the Sexes,6.3
Beating Back,6.1
Behind the Scenes,6.5
The Beloved Adventurer,6.5
Between Showers,5.5
The Boer War,7.2
The Boundary Rider,7.1
Brewster's Millions,6.6
Bright and Early,4.7
In the Days of the Thundering Herd,6.1
Burning Daylight: The Adventures of 'Burning Daylight' in Alaska,5.3
A Busy Day,4.8
By the Sun's Rays,5.3
Bánk bán,4.9
Cabiria,7.1
The Call of the North,5.3
Captain Alvarez,8.3
Captain F.E. Kleinschmidt's Arctic Hunt,5.5
Captain Macklin,5.6
Caught in a Cabaret,5.8
Caught in the Rain,5.7
The Chimes,5.0
Cinderella,6.0
Classmates,4.9
Colonel Heeza Liar's African Hunt,6.8
Crossed Wires,6.5
The Crucible,6.4
"Cruel, Cruel Love",5.5
Cursed by His Beauty,6.8
'Curses!' They Remarked,4.9
Damon and Pythias,5.6
Dan,4.0
Tanets s vampirom,7.6
A Dark Lover's Play,7.1
The Decoy,5.9
The Dishonored Medal,6.3
Ditya bolshogo goroda,6.6
Dodge City Trail,3.6
A Dog's Love,6.5
Double Crossed,5.0
Dough and Dynamite,6.0
The Dream Woman,5.2
Dömen icke,4.5
The Egyptian Mummy,6.0
L'enfant de Paris,7.4
Engelein,6.7
Enoch Arden,6.5
The Escape,6.1
The Exploits of Elaine,6.5
The Face on the Barroom Floor,5.2
Fantômas contre Fantômas,6.9
The Fatal Mallet,5.5
Fatty and Minnie He-Haw,4.9
Fatty's Jonah Day,4.8
Fatty's Magic Pants,5.2
Le faux magistrat,6.8
La fille de Delft,5.6
A Film Johnnie,5.7
Fire and Sword,7.2
A Flirt's Mistake,5.3
The Floor Above,4.5
A Florida Enchantment,5.7
A Fool There Was,4.3
For Her Father's Sins,5.6
For Those Unborn,5.0
Fräulein Seifenschaum,6.7
L'avenir dévoilé par les lignes de pieds,5.7
The Gangsters of New York,6.4
Gentlemen of Nerve,5.7
Gertie the Dinosaur,7.2
Getting Acquainted,5.6
The Ghost Breaker,5.2
The Giants-White Sox Tour,4.6
Cajus Julius Caesar,6.2
Der Golem,6.8
A Good Little Devil,5.9
The Good-for-Nothing,4.1
Goodness Gracious,8.4
The Great Toe Mystery,5.5
The Hazards of Helen,7.0
Hearts Adrift,6.3
Hearts and Diamonds,5.1
"Hello, Mabel",5.2
A Helpful Sisterhood,5.6
Det hemmelighedsfulde X,7.0
Her Friend the Bandit,5.8
His Favorite Pastime,5.1
"His Majesty, the Scarecrow of Oz",5.2
His Musical Career,6.0
His New Profession,6.0
His Prehistoric Past,5.3
His Trysting Place,6.3
Der Hund von Baskerville,5.5
The House Next Door,3.0
Hypocrites,6.5
In the Clutches of the Gang,7.9
In the Land of the Head Hunters,5.9
An Incompetent Hero,5.5
"Ireland, a Nation",3.6
Jane Eyre,8.0
Je vais me faire raser,5.2
"John Rance, Gentleman",6.8
Joseph in the Land of Egypt,5.6
Judith of Bethulia,6.1
The Jungle,7.0
Kid Auto Races at Venice,5.8
The Kiss,4.8
The Knockout,5.8
Kreytserova sonata,5.7
A kölcsönkért csecsemök,4.1
The Land of the Lost,7.6
The Last Egyptian,5.2
The Last Volunteer,5.6
The Last of the Line,6.5
Laughing Gas,5.7
Leading Lizzie Astray,5.5
The Life of General Villa,6.6
"Lincoln, the Lover",8.2
The Little Country Mouse,5.1
Little Lord Fauntleroy,6.6
The Little Teacher,4.8
"The Locket; or, When She Was Twenty",5.8
Lola,5.6
The Long Arm of the Law,6.9
The Lost Paradise,6.0
Love and Bullets,8.0
Lover's Luck,4.6
Lucille Love: The Girl of Mystery,6.7
Mabel at the Wheel,5.6
Mabel's Blunder,5.6
Mabel's Busy Day,5.5
Mabel's Married Life,5.7
Mabel's Strange Predicament,5.6
The Magic Cloak,5.2
Making a Living,5.5
The Man Who Could Not Lose,7.6
The Man from Home,7.9
The Man from Mexico,8.6
Martin Eden,6.7
The Masquerader,6.0
The Master Key,5.4
Max et le mari jaloux,5.8
McVeagh of the South Seas,5.6
Men and Women,6.6
The Merchant of Venice,5.0
Michael Strogoff,5.2
The Million Dollar Mystery,6.2
Misterio de dolor,4.7
Mrs. Black Is Back,8.0
The Murders in the Rue Morgue,5.5
My Official Wife,6.4
The Mysterious Man of the Jungle,7.1
The Mysterious Rose,4.2
The Mystery of the Poison Pool,2.5
The Mystery of the Sleeping Death,5.4
La donna nuda,5.2
Ned Med Vaabnene,5.8
Nemye svideteli,5.8
Neptune's Daughter,6.7
Der neue Schreibtisch,6.7
The New Janitor,6.1
The Next in Command,2.3
The Niggard,6.4
The Nightingale,7.2
The Noise of Bombs,5.5
The Ocean Waif,6.4
An Odyssey of the North,5.9
O Mimi San,6.3
The Oubliette,4.9
The Patchwork Girl of Oz,5.5
The Perils of Pauline,6.3
The Plumber,5.2
A Prince of India,8.4
The Property Man,5.8
Recreation,5.0
Le chevalier de Maison-Rouge,5.8
The Rejuvenation of Aunt Mary,4.5
The Ring,5.4
Rip Van Winkle,5.8
Rose of the Rancho,3.3
The Rounders,6.3
Salomy Jane,6.1
Samson,5.6
Sawdust and Salome,5.6
La secta de los misteriosos,5.9
Ein seltsamer Fall,4.8
The Sign of the Cross,6.1
The Sisters,6.7
The Spoilers,6.3
The Squaw Man,5.7
The Star Boarder,5.3
The Strange Story of Sylvia Gray,5.4
Strongheart,5.7
A Study in Scarlet,6.7
Sweedie Learns to Swim,5.8
Tango Tangle,5.3
The Tear That Burned,6.8
Tess of the Storm Country,6.0
Thirty Leagues Under the Sea,6.1
Those Country Kids,4.8
Those Love Pangs,5.5
Tillie's Punctured Romance,6.3
Tirol in Waffen,6.8
A tolonc,6.2
The Trey o' Hearts,2.3
Trilby,4.5
A Trip to the Moon,8.1
Twenty Minutes of Love,5.8
The Typhoon,5.7
Uncle Tom's Cabin,5.4
The Valley of the Moon,7.3
The Virginian,5.6
The Water Dog,5.6
Weergevonden,5.2
What's His Name,6.9
Wildflower,6.4
Winky and the Gorgonzola Cheese,8.7
The Wishing Ring: An Idyll of Old England,6.4
The Woman in Black,6.1
Won in a Closet,5.2
"The World, the Flesh and the Devil",6.9
The Wrath of the Gods,5.7
Zudora,5.7
Az éjszaka rabja,4.2
Bad Buck of Santa Ynez,6.4
1915 World's Championship Series,7.5
After Five,4.9
Akit ketten szeretnek,4.2
Alas and Alack,5.2
Alias Jimmy Valentine,6.6
Alice in Wonderland,6.1
Ambrose's Lofty Perch,5.1
Ambrose's Nasty Temper,4.9
Ambrose's Sour Grapes,5.8
An American Gentleman,6.0
The Arab,5.6
Are You a Mason?,7.5
An Arizona Wooing,5.7
The Artist's Model,5.3
The Auction Sale of Run-Down Ranch,8.2
Aufs Eis geführt,5.7
The Bank,6.7
The Battle Cry of Peace,4.3
Betty in Search of a Thrill,6.4
Billy the Bear Tamer,4.3
A Bird's a Bird,5.4
The Birth of a Nation,6.3
The Black Box,3.7
Blindekuh,4.8
Boobley's Baby,6.0
Britain Prepared,6.0
The Broken Coin,6.5
Broncho Billy's Sentence,5.7
The Builder of Bridges,6.5
Butter,6.7
A Butterfly on the Wheel,6.7
By the Sea,5.8
Cactus Jim's Shop Girl,7.6
The Call of the City,5.2
Camille,7.0
The Campbells Are Coming,5.3
The Cannon Ball,6.1
Cap'n Eri,7.5
The Captive,6.5
Carmen,6.4
Carmen,4.9
The Carpet from Bagdad,5.3
Caught in a Park,5.3
The Champion,6.8
Charley's Aunt,6.7
A Burlesque on Carmen,6.0
The Cheat,6.6
Children of Eve,6.4
Chimmie Fadden Out West,4.9
Clarita y Peladilla en el Football,4.1
Colonel Heeza Liar Foils the Enemy,5.2
Colonel Heeza Liar at the Bat,5.3
Colored Villainy,6.0
Court House Crooks,5.2
The Coward,6.0
Cross Currents,5.0
Crossed Love and Swords,5.5
The Cub,6.6
The Darkening Trail,6.5
David Harum,5.8
The Dawn of a Tomorrow,7.4
Destruction,7.4
The Devil's Daughter,7.0
The Devil,8.2
The Diamond from the Sky,5.3
The Dictator,7.9
The Dinosaur and the Missing Link: A Prehistoric Tragedy,6.0
Dirty Work in a Laundry,5.5
The Disciple,6.9
Dizzy Heights and Daring Hearts,5.8
Do-Re-Mi-Boom!,5.2
Don Caesar de Bazan,7.0
Don Quixote,5.6
The Doorway of Destruction,3.8
Double Trouble,4.8
Dreamy Dud. He Resolves Not to Smoke.,5.7
Dreamy Dud Sees Charlie Chaplin,5.4
Droppington's Family Tree,5.6
Das dunkle Schloß,3.1
The Dust of Egypt,6.8
East Lynne,4.3
Enoch Arden,6.3
The Eternal City,7.2
Fanchon the Cricket,6.5
Fatty and Mabel at the San Diego Exposition,5.7
Mabel and Fatty's Married Life,5.7
Fatty and the Broadway Stars,5.7
Fatty's Chance Acquaintance,5.7
Fatty's Faithful Fido,5.9
Fatty's New Role,5.6
Fatty's Plucky Pup,6.1
Fatty's Reckless Fling,6.1
Fatty's Tintype Tangle,6.2
La folie du Docteur Tube,5.5
A Fool There Was,5.8
The Foundling,6.2
Four Feathers,7.5
Fox Trot Finesse,5.7
From the Valley of the Missing,7.2
The Galloper,5.4
The Gentleman from Indiana,6.6
Ghosts,5.5
A Gilded Fool,7.5
The Girl Detective,5.7
The Girl of the Golden West,5.4
The Goddess,7.6
The Golden Chance,6.6
Graustark,2.2
Gryozy,6.7
The Great Divide,7.0
The Great Silence,7.2
The Grudge,6.4
Gussle Tied to Trouble,3.7
Gussle's Backward Way,3.9
Gussle's Day of Rest,5.2
Gussle's Wayward Path,4.9
A Hash House Fraud,5.0
Hash House Mashers,5.2
He Wouldn't Stay Down,6.2
Hearts and Planets,7.7
Hearts in Exile,5.3
Her Painted Hero,4.6
The Hero of the Dardanelles,5.8
The Hidden City,4.9
His Luckless Love,5.9
His New Job,6.2
His Phantom Sweetheart,6.3
The History of the World's Greatest War,6.3
Hogan Out West,5.1
Hogan's Romance Upset,5.8
"Der Hund von Baskerville, 3. Teil - Das unheimliche Zimmer",3.9
"Der Hund von Baskerville, 4. Teil",3.4
How Molly Malone Made Good,6.0
Hævnens Nat,6.8
The Immigrant,7.5
In the Park,5.7
The Incorrigible Dukane,7.6
Det indiske gudebillede,5.4
Inspiration,7.4
The Iron Strain,4.8
The Island of Regeneration,8.6
It's No Laughing Matter,8.3
The Italian,6.6
Jane,8.2
Jane Shore,4.2
Jeanne Doré,6.6
A Jitney Elopement,6.0
Judaspengar,6.9
The Juggernaut,5.9
Just Nuts,6.1
"Keno Bates, Liar",6.5
Kindling,6.6
Knight of the Trail,6.2
Kreutzer Sonata,7.1
The Lamb,5.7
The Last Chapter,5.4
Let Katie Do It,6.8
Life Without Soul,6.5
The Lily and the Rose,6.7
Liliya Belgii,6.6
The Lone Star Rush,7.0
"Love, Speed and Thrills",5.1
Love in Armor,5.6
"Love, Loot and Crash",5.3
A Lover's Lost Control,6.0
A Lucky Leap,5.8
A Lucky Strike,6.0
The Lure of the Mask,1.1
Mabel Lost and Won,5.5
Mabel and Fatty Viewing the World's Fair at San Francisco,5.7
Fatty and Mabel's Simple Life,6.0
Mabel and Fatty's Wash Day,5.8
Mabel's Wilful Way,5.8
"Mabel, Fatty and the Law",5.1
Maciste,5.9
Madame Butterfly,5.2
Madame de Thèbes,5.9
A Man and His Mate,6.2
The Man from Texas,5.5
Martyrs of the Alamo,5.5
Max et le sac,6.0
McTeague,6.8
The Middleman,6.8
The Millionaire Baby,5.0
The Misleading Lady,8.2
Miss Fatty's Seaside Lovers,5.3
Mistress Nell,7.2
Mixed Up,7.5
Morpheus Mike,6.8
Mortmain,5.8
A Mother's Atonement,5.3
Mr. 'Silent' Haskins,7.7
Mysteries of London,6.1
Neal of the Navy,2.5
The New Exploits of Elaine,5.4
The Nigger,6.1
A Night Out,6.0
A Night Out,7.5
A Night in the Show,6.5
Old Heidelberg,7.0
On the Firing Line with the Germans,6.6
On the Night Stage,5.7
A One Night Stand,4.4
Our Dare-Devil Chief,5.7
Stick Around,5.6
Pasionaria,4.6
Passing of the Oklahoma Outlaws,7.2
Peanuts and Bullets,5.6
Peculiar Patients' Pranks,4.8
Peer Gynt,7.4
The Phable of a Busted Romance,4.9
Playing Dead,5.6
The Plunderer,7.1
Pool Sharks,5.6
Portret Doryana Greya,6.5
Posle smerti,6.9
The Prince and the Pauper,5.5
Princess Romanoff,5.4
The Prisoner of Zenda,6.8
The Quest,5.4
Rags,8.1
Rapsodia satanica,6.9
The Raven,5.6
The Reaping,8.5
The Regeneration,6.9
The Rent Jumpers,5.9
The Romance of Elaine,7.2
Roping a Bride,4.5
The Rug Maker's Daughter,6.9
Rumpelstiltskin,5.8
The Ruse,6.4
Ruslan i Lyudmila,8.5
The Sable Lorcha,6.0
A Safe Investment,4.8
Sage Brush Tom,5.1
Saved from the Harem,7.4
Scandal,6.1
The Secret Sin,5.2
Settled at the Seaside,5.3
Shanghaied,6.2
The Sheriff's Streak of Yellow,5.6
La signora delle camelie,7.2
Simon Judit,5.0
The Slim Princess,6.8
The Soap-Suds Star,5.5
The Social Pirates,4.8
The Stagecoach Driver and the Girl,5.7
The Stolen Voice,7.3
Der Stolz der Firma,5.3
A Submarine Pirate,5.3
Sunshine Molly,6.5
Sweet Alyssum,7.0
The Taking of Luke McVane,5.7
Temptation,6.5
A Texas Steer,3.4
That Little Band of Gold,5.3
Their Social Splash,5.0
Three Bad Men and a Girl,3.9
The Three Brothers,5.8
Tillie's Tomato Surprise,7.7
The Tramp,7.0
Trilby,6.1
The Unknown,2.4
Unto the Darkness,5.0
The Valley of Decision,6.5
Les vampires,7.3
Vanity Fair,6.3
The Ventures of Marguerite,3.5
A Versatile Villain,5.2
Via Wireless,7.5
The Vivisectionist,3.2
Zhenshchina vampir,7.5
Voyna i mir,7.7
The Warrens of Virginia,5.9
When Ambrose Dared Walrus,5.8
When Love Took Wings,6.0
The Whirl of Life,6.4
The White Pearl,2.0
The White Scar,2.0
Who Pays?,6.8
Wildfire,7.8
Willful Ambrose,5.6
Wished on Mabel,5.5
The Wolf Man,8.1
A Woman,6.5
Work,6.3
Het wrak van de Noorzee,5.3
Young Romance,6.0
Zucker und Zimt,6.6
"20,000 Leagues Under the Sea",6.2
The Adventures of Peg o' the Ring,5.1
Alien Souls,5.9
Wo ist mein Schatz?,5.9
Alsace,4.7
Ambrose's Fury,5.2
American Aristocracy,6.5
The American Beauty,7.6
The Americano,6.1
An Angelic Attitude,6.1
Arms and the Woman,9.2
Arsene Lupin,7.9
The Aryan,6.5
Autumn,7.0
Hämnaren,6.3
Balettprimadonnan,5.8
The Bandit's Wager,5.7
Bath Tub Perils,6.2
The Battle of the Somme,6.7
Beatrice Fairfax,7.4
Behind the Lines,5.5
Behind the Screen,7.0
Ben Blair,6.2
El beso de la muerte,4.2
Betty of Greystone,5.7
Black Orchids,4.8
The Black Wolf,5.8
The Blacklist,7.8
Bobby Bumps Gets a Substitute,5.7
Bobby Bumps Goes Fishing,7.2
Bobby Bumps Helps a Book Agent,5.6
Bobby Bumps Starts a Lodge,5.6
Bobby Bumps and His Goatmobile,6.6
Bobby Bumps and His Pointer Pup,5.9
Bobby Bumps and the Stork,4.9
Bobby Bumps at the Circus,6.0
Bobby Bumps' Fly Swatter,5.8
La vie de Bohème,7.3
Bombs!,5.6
The Brand of Cowardice,8.8
Die Börsenkönigin,6.0
The Call of the Cumberlands,6.3
Calles nya kläder,4.3
The Candy Trail,4.5
The Captive God,5.5
Cenere,6.1
A Child of the Paris Streets,7.5
The Children Pay,6.9
The Children in the House,4.6
Christus,6.1
Civilization,6.0
The Cossack Whip,8.1
The Count,6.6
Cramps,5.3
The Crimson Stain Mystery,6.3
The Crisis,6.5
The Danger Girl,5.9
Daphne and the Pirate,5.6
A Daughter of the Gods,7.2
Davy Crockett,6.0
The Deserter,5.0
The Devil's Double,6.2
The Devil's Needle,6.7
Diane of the Follies,5.9
Diana the Huntress,4.9
Doctoring a Leak,6.0
Doktor úr,3.8
Dollars and Sense,4.7
Dolly's Scoop,6.0
The Dream Girl,8.2
The Dumb Girl of Portici,6.5
Dödskyssen,6.2
East Lynne,5.7
An Enemy to the King,6.2
Esther,4.4
The Eternal Grind,7.3
The Evil Women Do,4.2
The Extra Man and the Milk-Fed Lion,6.0
Az ezüst kecske,4.5
The Fable of the Kid Who Shifted His Ideals to Golf and Finally Became a Baseball Fan and Took the Only Known Cure,6.5
The Fall of a Nation,5.1
Farkas,6.0
Fatty and Mabel Adrift,6.7
The Feathered Nest,4.7
A fekete szivárvány,3.6
Fifty-Fifty,4.9
The Fireman,6.6
Flirting with Fate,6.4
The Floorwalker,6.6
The Flying Torpedo,5.3
The Foundling,5.6
Friday the 13th,5.9
Fången på Karlstens fästning,6.0
Der G.m.b.H. Tenor,5.5
Les gaz mortels,6.1
Der gemischte Frauenchor,5.0
Gloria's Romance,6.6
Going Straight,5.4
The Good Bad-Man,6.6
Gretchen the Greenhorn,6.0
The Habit of Happiness,6.0
The Half-Breed,6.7
Havsgamar,5.7
He Did and He Didn't,6.4
"Tot, kto poluchaet poshchechiny",7.6
The Heart of Nora Flynn,6.7
The Heart of a Hero,6.2
Hell's Hinges,6.8
Help!,4.6
The Hero,5.9
His Bitter Pill,5.5
His Bread and Butter,6.3
His Picture in the Papers,5.9
His Wife's Mistakes,7.1
Hoffmanns Erzählungen,6.0
"Homunculus, 1. Teil",6.1
Hoodoo Ann,5.6
Dom smerti,4.7
Hulda from Holland,6.0
Hungry Hearts,4.2
The Hunted Woman,2.1
I minnenas band,3.8
Idle Wives,5.7
If My Country Should Call,6.7
The Innocence of Ruth,7.4
An Innocent Magdalene,6.1
Into the Primitive,6.0
Intolerance: Love's Struggle Throughout the Ages,7.7
The Intrigue,6.6
The Iron Claw,6.4
The Isle of Life,7.0
Judex,7.4
A karthausi,4.2
King Lear,5.6
Kärlek och journalistik,5.8
Legal Advice,6.5
Less Than the Dust,5.7
Liberty,4.2
Life Savers,5.5
Little Mary Sunshine,6.6
The Lost Bridegroom,7.8
The Lottery Man,5.6