person_id,full_name,address,building_number,phone_number
GE-660487,Heather Snow,242 Christine Glen,924,555-115-7815
HE-659387,Thomas Moon,609 Clayton Isle,51393,555-328-7115
BF-871484,Kimberly Maynard,1965 Kelly Field Apt. 094,1122,555-018-6848
HH-339694,Whitney Stark,59179 Bruce Gardens Apt. 413,2560,555-123-0989
BG-101399,Roy Wilson,21730 Amy River,41314,555-562-0870
HC-916345,Christina Saunders,58419 Wade Bridge,6984,555-564-2807
DH-150842,Dwayne Howard,466 Aaron Fields,523,555-376-9606
EC-960271,Stephen Odonnell,75470 Lopez Roads,20665,555-030-0891
CB-319344,Thomas Burton,7142 Wilson Drives,0003,555-485-5909
DG-776582,Alexa Hernandez,5159 Blake Estates Apt. 945,8241,555-730-4281
BH-465461,Ryan Cherry,71760 Rogers Spur Apt. 296,111,555-330-6016
DG-884779,Daniel Duarte,3511 Rebecca Mission,317,555-643-0392
CB-137658,Victoria Hernandez MD,757 Reid Well Apt. 893,55508,555-249-2694
DC-711801,Adrian Anthony,27586 Audrey Springs Apt. 634,967,555-699-3002
HE-489451,Elizabeth Russell,22345 Sheri Orchard Suite 279,125,555-609-7670
CF-172009,Joshua Reed,1097 Santos Springs Suite 264,183,555-067-5375
DD-100740,Robert Oneal,412 Snow Manors Apt. 161,62076,555-607-5415
CA-115055,Crystal Diaz,03104 Norris Rapids,22717,555-542-0355
BB-744852,Elizabeth Bennett,35833 Kelly Manor,029,555-061-1264
FB-862964,Mark Walsh,6065 Harris Hill,1214,555-189-2762
CF-662375,Mark Webb,0797 Jeffery Crescent,489,555-267-1738
AE-640140,Steve Mckinney,45439 Austin Turnpike Suite 485,83216,555-448-2983
EH-816864,Mark Moore,6972 Gomez Mountains,637,555-785-7074
FH-270930,Willie Mathis,160 Williams River,44329,555-431-6756
CF-256627,Thomas Wallace,7633 Bentley Radial Apt. 603,125,555-023-9491
GH-845670,Michael Lewis III,25040 Bryce Meadow,396,555-837-3591
FE-915587,Andrew Wood,533 Chambers Street,4864,555-753-0481
HH-077706,Bradley Allen,3791 Hansen Village,0237,555-324-5561
HH-849834,Debbie Hall,126 Jeffery Street,088,555-601-6419
BE-538433,Cynthia Fuller,220 Richardson Roads Apt. 262,81237,555-933-2365
AF-992719,Eric Benjamin MD,778 Padilla Common,2963,555-546-0305
CE-357345,Kenneth Brown,0700 Brady Fork,510,555-562-3762
AG-542566,Kimberly Ballard,91662 Vincent Road Apt. 153,30282,555-169-1972
AA-990456,Ian Powers MD,65476 Lance Heights Suite 089,407,555-616-5700
FG-404943,Valerie Clark,98522 Mathis Viaduct Apt. 909,55445,555-769-6202
HE-907250,Chelsea Dunn,2821 Bethany Parkways Suite 644,0644,555-888-5536
FH-208296,Kristina Jenkins,58235 Smith Street,93426,555-197-3781
EE-327166,Peter Kelly,40704 Kathryn Lights Suite 609,5929,555-450-6782
BD-019550,Megan Ruiz,56246 Caitlin Lodge Suite 802,27080,555-862-5911
EE-824345,Joyce Kent,209 Darlene Bypass Suite 137,378,555-252-7808
GF-185011,Gabriella Gray,125 Ian Crossroad Apt. 593,60460,555-925-1607
HG-599449,Jesse Baker,51105 Gregory Ridges Apt. 578,771,555-086-4081
CE-155170,April Morgan,22395 Timothy Road,603,555-345-2353
GA-267592,Kevin Mcdaniel,00580 Brandon Creek,922,555-606-6953
BC-258386,Matthew Church,3763 Allen Orchard Suite 914,8580,555-997-3409
GA-561802,Monica Bray,79722 Wells Estate Suite 815,2578,555-034-2954
GE-604860,Daniel Anderson,520 Ray Mountain,16882,555-223-2308
BG-275945,Deborah Moore,268 Young Lane Suite 678,6612,555-209-9813
CG-998149,Andrew Wilson,751 Wood Square Suite 732,818,555-202-8693
GC-764092,Krystal Hendricks,965 William Motorway,79148,555-786-7423
HB-852492,Karen Knight,147 Lisa Hill Apt. 512,029,555-830-0689
BA-717855,Jonathan Joyce,07585 Chris Ports Suite 356,34375,555-469-2165
EF-873556,Pamela Klein,74172 Cantu Summit Apt. 573,66787,555-993-6847
FG-358017,Crystal Ponce,061 Gonzalez Islands,12503,555-006-8021
AG-993173,Christopher Young,7063 Cherry Canyon Suite 095,557,555-298-1411
DF-402926,Jordan Martinez,718 Harrison Motorway,526,555-461-9853
HA-735760,Tina Rowe,3477 Jeremy Haven,7928,555-134-8102
GD-505927,Corey Myers,835 April Plains Suite 297,939,555-703-7958
HD-300023,Ashley Sheppard,457 Frank Point Suite 767,571,555-231-2678
BG-350063,Shelly Jenkins,028 Parker Plains,119,555-703-6954
FC-103909,Brian West,6853 Walls Cape,59971,555-876-5601
GD-692201,Dillon Cruz,5938 Matthew Plaza Apt. 270,452,555-519-8614
HA-918192,Rachael Reed,36397 Moore Stravenue,8337,555-524-8015
EB-450190,Donald Harris,1688 Martinez Ramp Suite 524,64000,555-415-5840
GG-382490,Darin Tapia,1652 Jerry Valley Suite 603,41227,555-058-6183
AC-744667,Sarah Howard,34228 Stephens Falls,62382,555-923-8407
GD-306268,Joseph Garcia,010 Julie Mission,465,555-641-2933
HC-008173,Sheryl Roberts,5548 Anderson Neck,396,555-574-7274
GE-559669,Nicole Bridges,3482 Lindsey Path,875,555-464-7803
BE-471039,Terri Petersen,92594 Emily Shoals,09243,555-675-5196
EF-102098,Sheila Cruz,27299 Willis Wall Apt. 006,028,555-164-5930
FE-525477,Angela Brock,84869 Fisher Estate,621,555-912-7416
BA-441588,Adrian Rowe,66705 Christopher Lock,930,555-360-0962
HC-846680,Stephanie Newman,97444 Richard Branch,081,555-042-2821
BB-505259,David Rivera,8811 Gonzales Trail Suite 878,8132,555-685-2122
EE-069118,Max Acosta,597 Hall Parkway Apt. 655,039,555-171-5693
FA-808810,Catherine Adams,0375 Sandra Trace Suite 826,497,555-307-9929
CG-759569,Jacob Phillips,3895 Allen Junction,253,555-248-2891
DB-773295,Summer Carter,356 Simon Cape Apt. 392,714,555-847-6560
HE-105249,Jennifer Hendricks,11180 Sosa Viaduct Apt. 930,14196,555-299-8344
DE-229322,Eric Navarro III,62390 Medina Neck,241,555-949-3023
AF-906227,Mckenzie Bryant,43157 Gomez Radial Suite 348,1261,555-918-2726
HF-483214,Anthony Whitaker,682 Diana Inlet Suite 896,73611,555-861-8720
GB-333196,Kimberly Fox,1318 Cassandra Plaza,896,555-964-7905
DA-530373,Jesse Davis,465 Wiley Corners Apt. 759,132,555-630-7428
BF-521855,Sarah Gonzalez,666 Douglas Club Suite 283,752,555-929-6431
AE-227862,Laura Fleming,73800 Steven Green,948,555-623-1982
CC-730329,Rita Vargas,14149 Ray Green,601,555-270-5546
CD-604331,Christy Flores,6988 Jennifer Stravenue,863,555-417-4344
HA-152706,Patricia Dixon,9983 Mary Grove Apt. 643,7486,555-297-4203
FD-541064,Richard Anderson,57725 Sweeney Lodge,9118,555-721-0867
CE-361604,Caleb Barnett,20155 Bradford Gardens Suite 974,276,555-010-1534
EA-818411,Russell Sutton,27427 Ann Brook Apt. 141,634,555-637-9885
DE-260969,Erik Fuller,454 Jacob Forges Suite 505,9430,555-178-2369
HH-582076,Craig Harris,18869 Clark Meadow Apt. 875,039,555-467-8410
EH-156663,Kristen Burton,726 Hardin Locks Suite 785,6925,555-067-7413
CC-536095,Kathleen Jones,90320 Leonard Fall,6748,555-027-2117
EF-444609,Andrea Hubbard,74836 Rodney Canyon Apt. 504,0009,555-029-2719
BB-208211,Brett Freeman,77828 Devon Landing,682,555-180-8316
GE-585898,Michael Hernandez,4585 Alan Divide Suite 322,77244,555-202-5531
